{
    "795500908": "16",
    "6201489346": "51",
    "743992053": "54",
    "830731036": "56",
    "683468056": "57",
    "@lost_555\n@klopp001\n@vlad_zolotarev\n@qwerty_1451\n@M4_competition\n@vladochek9\n@pavelvolkov2": "UNLIMITED",
    "@s7rang3": "UNLIMITED",
    "367335211": "UNLIMITED",
    "989986540": "UNLIMITED",
    "@myhotta": "UNLIMITED",
    "+79620108180": {
        "subscription_start": "2025-04-10 16:46:48",
        "subscription_end": "2025-05-10 16:46:48",
        "subscription_type": "gift_30d"
    },
    "myhotta": {
        "subscription_start": "2025-04-10 17:00:57",
        "subscription_end": "2025-05-10 17:00:57",
        "subscription_type": "gift_30d"
    },
    "s7rang3": {
        "subscription_start": "2025-04-10 16:57:09",
        "subscription_end": "2025-05-10 16:57:09",
        "subscription_type": "gift_30d"
    },
    "@llllllllllllllAA": "UNLIMITED",
    "533423322": "UNLIMITED",
    "1032073308": "UNLIMITED",
    "731027483": "UNLIMITED",
    "1384222059": "UNLIMITED",
    "744624034": "UNLIMITED",
    "450429135": "UNLIMITED",
    "450429134": "UNLIMITED",
    "1960353148": "UNLIMITED",
    "1129624278": "UNLIMITED",
    "479176587": "UNLIMITED",
    "582178083": "UNLIMITED",
    "1144348776": "UNLIMITED",
    "5073877418": "UNLIMITED",
    "6356020084": "UNLIMITED",
    "1578652080": "UNLIMITED",
    "1072703741": "UNLIMITED",
    "1203225632": "UNLIMITED",
    "1678732931": "UNLIMITED",
    "5582125669": {
        "subscription_start": "2025-04-14 15:37:06",
        "subscription_end": "2025-05-14 15:37:06",
        "subscription_type": "buy_30d"
    },
    "My Telegram ID is 1046918940": "UNLIMITED",
    "1046918940": "UNLIMITED",
    "5652075278": "UNLIMITED",
    "547090036": "UNLIMITED",
    "1742282019": "UNLIMITED",
    "7543471920": "UNLIMITED",
    "658402968": "UNLIMITED",
    "1087695163": "UNLIMITED",
    "1160104487": "UNLIMITED",
    "🔌 Отключиться от VPN": "UNLIMITED",
    "5119050667": "UNLIMITED",
    "471557391": "UNLIMITED",
    "6238835389": "UNLIMITED",
    "942724203": "UNLIMITED",
    "874183402": "UNLIMITED",
    "786272090": "UNLIMITED"
}